path	@id
/schema:description	(None, PosixPath('/github/workspace/build/annotated/bbr/metadata/cdifProperties/cdifOptional/schema.yaml'))
/schema:additionalType	(None, PosixPath('/github/workspace/build/annotated/bbr/metadata/cdifProperties/cdifOptional/schema.yaml'))
/schema:additionalType/schema:name	(None, 'https://usgin.github.io/metadataBuildingBlocks/build/annotated/bbr/metadata/schemaorgProperties/definedTerm/schema.yaml')
/schema:additionalType/schema:identifier	(None, 'https://usgin.github.io/metadataBuildingBlocks/build/annotated/bbr/metadata/schemaorgProperties/definedTerm/schema.yaml')
/schema:additionalType/schema:identifier/schema:propertyID	(None, 'https://usgin.github.io/metadataBuildingBlocks/build/annotated/bbr/metadata/schemaorgProperties/identifier/schema.yaml')
/schema:additionalType/schema:identifier/schema:value	(None, 'https://usgin.github.io/metadataBuildingBlocks/build/annotated/bbr/metadata/schemaorgProperties/identifier/schema.yaml')
/schema:additionalType/schema:identifier/schema:url	(None, 'https://usgin.github.io/metadataBuildingBlocks/build/annotated/bbr/metadata/schemaorgProperties/identifier/schema.yaml')
/schema:additionalType/schema:inDefinedTermSet	(None, 'https://usgin.github.io/metadataBuildingBlocks/build/annotated/bbr/metadata/schemaorgProperties/definedTerm/schema.yaml')
/schema:additionalType/schema:termCode	(None, 'https://usgin.github.io/metadataBuildingBlocks/build/annotated/bbr/metadata/schemaorgProperties/definedTerm/schema.yaml')
/schema:sameAs	(None, PosixPath('/github/workspace/build/annotated/bbr/metadata/cdifProperties/cdifOptional/schema.yaml'))
/schema:sameAs/schema:propertyID	(None, 'https://usgin.github.io/metadataBuildingBlocks/build/annotated/bbr/metadata/schemaorgProperties/identifier/schema.yaml')
/schema:sameAs/schema:value	(None, 'https://usgin.github.io/metadataBuildingBlocks/build/annotated/bbr/metadata/schemaorgProperties/identifier/schema.yaml')
/schema:sameAs/schema:url	(None, 'https://usgin.github.io/metadataBuildingBlocks/build/annotated/bbr/metadata/schemaorgProperties/identifier/schema.yaml')
/schema:version	(None, PosixPath('/github/workspace/build/annotated/bbr/metadata/cdifProperties/cdifOptional/schema.yaml'))
/schema:inLanguage	(None, PosixPath('/github/workspace/build/annotated/bbr/metadata/cdifProperties/cdifOptional/schema.yaml'))
/schema:datePublished	(None, PosixPath('/github/workspace/build/annotated/bbr/metadata/cdifProperties/cdifOptional/schema.yaml'))
/schema:relatedLink	(None, PosixPath('/github/workspace/build/annotated/bbr/metadata/cdifProperties/cdifOptional/schema.yaml'))
/schema:relatedLink/schema:linkRelationship	(None, PosixPath('/github/workspace/build/annotated/bbr/metadata/cdifProperties/cdifOptional/schema.yaml'))
/schema:relatedLink/target	(None, PosixPath('/github/workspace/build/annotated/bbr/metadata/cdifProperties/cdifOptional/schema.yaml'))
/schema:relatedLink/target/schema:encodingFormat	(None, PosixPath('/github/workspace/build/annotated/bbr/metadata/cdifProperties/cdifOptional/schema.yaml'))
/schema:relatedLink/target/schema:name	(None, PosixPath('/github/workspace/build/annotated/bbr/metadata/cdifProperties/cdifOptional/schema.yaml'))
/schema:relatedLink/target/schema:url	(None, PosixPath('/github/workspace/build/annotated/bbr/metadata/cdifProperties/cdifOptional/schema.yaml'))
/schema:publishingPrinciples	(None, PosixPath('/github/workspace/build/annotated/bbr/metadata/cdifProperties/cdifOptional/schema.yaml'))
/schema:publishingPrinciples/schema:name	(None, 'https://usgin.github.io/metadataBuildingBlocks/build/annotated/bbr/metadata/schemaorgProperties/labeledLink/schema.yaml')
/schema:publishingPrinciples/schema:description	(None, 'https://usgin.github.io/metadataBuildingBlocks/build/annotated/bbr/metadata/schemaorgProperties/labeledLink/schema.yaml')
/schema:publishingPrinciples/schema:url	(None, 'https://usgin.github.io/metadataBuildingBlocks/build/annotated/bbr/metadata/schemaorgProperties/labeledLink/schema.yaml')
/schema:keywords	(None, PosixPath('/github/workspace/build/annotated/bbr/metadata/cdifProperties/cdifOptional/schema.yaml'))
/schema:creator	(None, PosixPath('/github/workspace/build/annotated/bbr/metadata/cdifProperties/cdifOptional/schema.yaml'))
/schema:contributor	(None, PosixPath('/github/workspace/build/annotated/bbr/metadata/cdifProperties/cdifOptional/schema.yaml'))
/schema:contributor/schema:name	(None, 'https://usgin.github.io/metadataBuildingBlocks/build/annotated/bbr/metadata/schemaorgProperties/person/schema.yaml')
/schema:contributor/schema:description	(None, 'https://usgin.github.io/metadataBuildingBlocks/build/annotated/bbr/metadata/schemaorgProperties/person/schema.yaml')
/schema:contributor/schema:identifier	(None, 'https://usgin.github.io/metadataBuildingBlocks/build/annotated/bbr/metadata/schemaorgProperties/person/schema.yaml')
/schema:contributor/schema:identifier/schema:propertyID	(None, 'https://usgin.github.io/metadataBuildingBlocks/build/annotated/bbr/metadata/schemaorgProperties/identifier/schema.yaml')
/schema:contributor/schema:identifier/schema:value	(None, 'https://usgin.github.io/metadataBuildingBlocks/build/annotated/bbr/metadata/schemaorgProperties/identifier/schema.yaml')
/schema:contributor/schema:identifier/schema:url	(None, 'https://usgin.github.io/metadataBuildingBlocks/build/annotated/bbr/metadata/schemaorgProperties/identifier/schema.yaml')
/schema:contributor/schema:alternateName	(None, 'https://usgin.github.io/metadataBuildingBlocks/build/annotated/bbr/metadata/schemaorgProperties/person/schema.yaml')
/schema:contributor/schema:affiliation	(None, 'https://usgin.github.io/metadataBuildingBlocks/build/annotated/bbr/metadata/schemaorgProperties/person/schema.yaml')
/schema:contributor/schema:contactPoint	(None, 'https://usgin.github.io/metadataBuildingBlocks/build/annotated/bbr/metadata/schemaorgProperties/person/schema.yaml')
/schema:contributor/schema:contactPoint/schema:email	(None, 'https://usgin.github.io/metadataBuildingBlocks/build/annotated/bbr/metadata/schemaorgProperties/person/schema.yaml')
/schema:contributor/schema:sameAs	(None, 'https://usgin.github.io/metadataBuildingBlocks/build/annotated/bbr/metadata/schemaorgProperties/person/schema.yaml')
/schema:contributor/schema:additionalType	(None, 'https://usgin.github.io/metadataBuildingBlocks/build/annotated/bbr/metadata/schemaorgProperties/organization/schema.yaml')
/schema:contributor/schema:additionalType/schema:name	(None, 'https://usgin.github.io/metadataBuildingBlocks/build/annotated/bbr/metadata/schemaorgProperties/definedTerm/schema.yaml')
/schema:contributor/schema:additionalType/schema:identifier	(None, 'https://usgin.github.io/metadataBuildingBlocks/build/annotated/bbr/metadata/schemaorgProperties/definedTerm/schema.yaml')
/schema:contributor/schema:additionalType/schema:identifier/schema:propertyID	(None, 'https://usgin.github.io/metadataBuildingBlocks/build/annotated/bbr/metadata/schemaorgProperties/identifier/schema.yaml')
/schema:contributor/schema:additionalType/schema:identifier/schema:value	(None, 'https://usgin.github.io/metadataBuildingBlocks/build/annotated/bbr/metadata/schemaorgProperties/identifier/schema.yaml')
/schema:contributor/schema:additionalType/schema:identifier/schema:url	(None, 'https://usgin.github.io/metadataBuildingBlocks/build/annotated/bbr/metadata/schemaorgProperties/identifier/schema.yaml')
/schema:contributor/schema:additionalType/schema:inDefinedTermSet	(None, 'https://usgin.github.io/metadataBuildingBlocks/build/annotated/bbr/metadata/schemaorgProperties/definedTerm/schema.yaml')
/schema:contributor/schema:additionalType/schema:termCode	(None, 'https://usgin.github.io/metadataBuildingBlocks/build/annotated/bbr/metadata/schemaorgProperties/definedTerm/schema.yaml')
/schema:contributor/schema:roleName	(None, 'https://usgin.github.io/metadataBuildingBlocks/build/annotated/bbr/metadata/schemaorgProperties/agentInRole/schema.yaml')
/schema:contributor/schema:roleName/schema:name	(None, 'https://usgin.github.io/metadataBuildingBlocks/build/annotated/bbr/metadata/schemaorgProperties/definedTerm/schema.yaml')
/schema:contributor/schema:roleName/schema:identifier	(None, 'https://usgin.github.io/metadataBuildingBlocks/build/annotated/bbr/metadata/schemaorgProperties/definedTerm/schema.yaml')
/schema:contributor/schema:roleName/schema:identifier/schema:propertyID	(None, 'https://usgin.github.io/metadataBuildingBlocks/build/annotated/bbr/metadata/schemaorgProperties/identifier/schema.yaml')
/schema:contributor/schema:roleName/schema:identifier/schema:value	(None, 'https://usgin.github.io/metadataBuildingBlocks/build/annotated/bbr/metadata/schemaorgProperties/identifier/schema.yaml')
/schema:contributor/schema:roleName/schema:identifier/schema:url	(None, 'https://usgin.github.io/metadataBuildingBlocks/build/annotated/bbr/metadata/schemaorgProperties/identifier/schema.yaml')
/schema:contributor/schema:roleName/schema:inDefinedTermSet	(None, 'https://usgin.github.io/metadataBuildingBlocks/build/annotated/bbr/metadata/schemaorgProperties/definedTerm/schema.yaml')
/schema:contributor/schema:roleName/schema:termCode	(None, 'https://usgin.github.io/metadataBuildingBlocks/build/annotated/bbr/metadata/schemaorgProperties/definedTerm/schema.yaml')
/schema:contributor/schema:contributor	(None, 'https://usgin.github.io/metadataBuildingBlocks/build/annotated/bbr/metadata/schemaorgProperties/agentInRole/schema.yaml')
/schema:contributor/schema:contributor/schema:name	(None, 'https://usgin.github.io/metadataBuildingBlocks/build/annotated/bbr/metadata/schemaorgProperties/person/schema.yaml')
/schema:contributor/schema:contributor/schema:description	(None, 'https://usgin.github.io/metadataBuildingBlocks/build/annotated/bbr/metadata/schemaorgProperties/person/schema.yaml')
/schema:contributor/schema:contributor/schema:identifier	(None, 'https://usgin.github.io/metadataBuildingBlocks/build/annotated/bbr/metadata/schemaorgProperties/person/schema.yaml')
/schema:contributor/schema:contributor/schema:identifier/schema:propertyID	(None, 'https://usgin.github.io/metadataBuildingBlocks/build/annotated/bbr/metadata/schemaorgProperties/identifier/schema.yaml')
/schema:contributor/schema:contributor/schema:identifier/schema:value	(None, 'https://usgin.github.io/metadataBuildingBlocks/build/annotated/bbr/metadata/schemaorgProperties/identifier/schema.yaml')
/schema:contributor/schema:contributor/schema:identifier/schema:url	(None, 'https://usgin.github.io/metadataBuildingBlocks/build/annotated/bbr/metadata/schemaorgProperties/identifier/schema.yaml')
/schema:contributor/schema:contributor/schema:alternateName	(None, 'https://usgin.github.io/metadataBuildingBlocks/build/annotated/bbr/metadata/schemaorgProperties/person/schema.yaml')
/schema:contributor/schema:contributor/schema:affiliation	(None, 'https://usgin.github.io/metadataBuildingBlocks/build/annotated/bbr/metadata/schemaorgProperties/person/schema.yaml')
/schema:contributor/schema:contributor/schema:contactPoint	(None, 'https://usgin.github.io/metadataBuildingBlocks/build/annotated/bbr/metadata/schemaorgProperties/person/schema.yaml')
/schema:contributor/schema:contributor/schema:contactPoint/schema:email	(None, 'https://usgin.github.io/metadataBuildingBlocks/build/annotated/bbr/metadata/schemaorgProperties/person/schema.yaml')
/schema:contributor/schema:contributor/schema:sameAs	(None, 'https://usgin.github.io/metadataBuildingBlocks/build/annotated/bbr/metadata/schemaorgProperties/person/schema.yaml')
/schema:contributor/schema:contributor/schema:additionalType	(None, 'https://usgin.github.io/metadataBuildingBlocks/build/annotated/bbr/metadata/schemaorgProperties/organization/schema.yaml')
/schema:contributor/schema:contributor/schema:additionalType/schema:name	(None, 'https://usgin.github.io/metadataBuildingBlocks/build/annotated/bbr/metadata/schemaorgProperties/definedTerm/schema.yaml')
/schema:contributor/schema:contributor/schema:additionalType/schema:identifier	(None, 'https://usgin.github.io/metadataBuildingBlocks/build/annotated/bbr/metadata/schemaorgProperties/definedTerm/schema.yaml')
/schema:contributor/schema:contributor/schema:additionalType/schema:identifier/schema:propertyID	(None, 'https://usgin.github.io/metadataBuildingBlocks/build/annotated/bbr/metadata/schemaorgProperties/identifier/schema.yaml')
/schema:contributor/schema:contributor/schema:additionalType/schema:identifier/schema:value	(None, 'https://usgin.github.io/metadataBuildingBlocks/build/annotated/bbr/metadata/schemaorgProperties/identifier/schema.yaml')
/schema:contributor/schema:contributor/schema:additionalType/schema:identifier/schema:url	(None, 'https://usgin.github.io/metadataBuildingBlocks/build/annotated/bbr/metadata/schemaorgProperties/identifier/schema.yaml')
/schema:contributor/schema:contributor/schema:additionalType/schema:inDefinedTermSet	(None, 'https://usgin.github.io/metadataBuildingBlocks/build/annotated/bbr/metadata/schemaorgProperties/definedTerm/schema.yaml')
/schema:contributor/schema:contributor/schema:additionalType/schema:termCode	(None, 'https://usgin.github.io/metadataBuildingBlocks/build/annotated/bbr/metadata/schemaorgProperties/definedTerm/schema.yaml')
/schema:publisher	(None, PosixPath('/github/workspace/build/annotated/bbr/metadata/cdifProperties/cdifOptional/schema.yaml'))
/schema:provider	(None, PosixPath('/github/workspace/build/annotated/bbr/metadata/cdifProperties/cdifOptional/schema.yaml'))
/schema:funding	(None, PosixPath('/github/workspace/build/annotated/bbr/metadata/cdifProperties/cdifOptional/schema.yaml'))
/schema:funding/schema:identifier	(None, 'https://usgin.github.io/metadataBuildingBlocks/build/annotated/bbr/metadata/schemaorgProperties/funder/schema.yaml')
/schema:funding/schema:description	(None, 'https://usgin.github.io/metadataBuildingBlocks/build/annotated/bbr/metadata/schemaorgProperties/funder/schema.yaml')
/schema:funding/schema:name	(None, 'https://usgin.github.io/metadataBuildingBlocks/build/annotated/bbr/metadata/schemaorgProperties/funder/schema.yaml')
/schema:funding/schema:funder	(None, 'https://usgin.github.io/metadataBuildingBlocks/build/annotated/bbr/metadata/schemaorgProperties/funder/schema.yaml')
/schema:funding/schema:funder/schema:name	(None, 'https://usgin.github.io/metadataBuildingBlocks/build/annotated/bbr/metadata/schemaorgProperties/person/schema.yaml')
/schema:funding/schema:funder/schema:description	(None, 'https://usgin.github.io/metadataBuildingBlocks/build/annotated/bbr/metadata/schemaorgProperties/person/schema.yaml')
/schema:funding/schema:funder/schema:identifier	(None, 'https://usgin.github.io/metadataBuildingBlocks/build/annotated/bbr/metadata/schemaorgProperties/person/schema.yaml')
/schema:funding/schema:funder/schema:identifier/schema:propertyID	(None, 'https://usgin.github.io/metadataBuildingBlocks/build/annotated/bbr/metadata/schemaorgProperties/identifier/schema.yaml')
/schema:funding/schema:funder/schema:identifier/schema:value	(None, 'https://usgin.github.io/metadataBuildingBlocks/build/annotated/bbr/metadata/schemaorgProperties/identifier/schema.yaml')
/schema:funding/schema:funder/schema:identifier/schema:url	(None, 'https://usgin.github.io/metadataBuildingBlocks/build/annotated/bbr/metadata/schemaorgProperties/identifier/schema.yaml')
/schema:funding/schema:funder/schema:alternateName	(None, 'https://usgin.github.io/metadataBuildingBlocks/build/annotated/bbr/metadata/schemaorgProperties/person/schema.yaml')
/schema:funding/schema:funder/schema:affiliation	(None, 'https://usgin.github.io/metadataBuildingBlocks/build/annotated/bbr/metadata/schemaorgProperties/person/schema.yaml')
/schema:funding/schema:funder/schema:contactPoint	(None, 'https://usgin.github.io/metadataBuildingBlocks/build/annotated/bbr/metadata/schemaorgProperties/person/schema.yaml')
/schema:funding/schema:funder/schema:contactPoint/schema:email	(None, 'https://usgin.github.io/metadataBuildingBlocks/build/annotated/bbr/metadata/schemaorgProperties/person/schema.yaml')
/schema:funding/schema:funder/schema:sameAs	(None, 'https://usgin.github.io/metadataBuildingBlocks/build/annotated/bbr/metadata/schemaorgProperties/person/schema.yaml')
/schema:funding/schema:funder/schema:additionalType	(None, 'https://usgin.github.io/metadataBuildingBlocks/build/annotated/bbr/metadata/schemaorgProperties/organization/schema.yaml')
/schema:funding/schema:funder/schema:additionalType/schema:name	(None, 'https://usgin.github.io/metadataBuildingBlocks/build/annotated/bbr/metadata/schemaorgProperties/definedTerm/schema.yaml')
/schema:funding/schema:funder/schema:additionalType/schema:identifier	(None, 'https://usgin.github.io/metadataBuildingBlocks/build/annotated/bbr/metadata/schemaorgProperties/definedTerm/schema.yaml')
/schema:funding/schema:funder/schema:additionalType/schema:identifier/schema:propertyID	(None, 'https://usgin.github.io/metadataBuildingBlocks/build/annotated/bbr/metadata/schemaorgProperties/identifier/schema.yaml')
/schema:funding/schema:funder/schema:additionalType/schema:identifier/schema:value	(None, 'https://usgin.github.io/metadataBuildingBlocks/build/annotated/bbr/metadata/schemaorgProperties/identifier/schema.yaml')
/schema:funding/schema:funder/schema:additionalType/schema:identifier/schema:url	(None, 'https://usgin.github.io/metadataBuildingBlocks/build/annotated/bbr/metadata/schemaorgProperties/identifier/schema.yaml')
/schema:funding/schema:funder/schema:additionalType/schema:inDefinedTermSet	(None, 'https://usgin.github.io/metadataBuildingBlocks/build/annotated/bbr/metadata/schemaorgProperties/definedTerm/schema.yaml')
/schema:funding/schema:funder/schema:additionalType/schema:termCode	(None, 'https://usgin.github.io/metadataBuildingBlocks/build/annotated/bbr/metadata/schemaorgProperties/definedTerm/schema.yaml')
/schema:variableMeasured	(None, PosixPath('/github/workspace/build/annotated/bbr/metadata/cdifProperties/cdifOptional/schema.yaml'))
/schema:variableMeasured/schema:name	(None, 'https://usgin.github.io/metadataBuildingBlocks/build/annotated/bbr/metadata/schemaorgProperties/variableMeasured/schema.yaml')
/schema:variableMeasured/schema:description	(None, 'https://usgin.github.io/metadataBuildingBlocks/build/annotated/bbr/metadata/schemaorgProperties/variableMeasured/schema.yaml')
/schema:variableMeasured/schema:alternateName	(None, 'https://usgin.github.io/metadataBuildingBlocks/build/annotated/bbr/metadata/schemaorgProperties/variableMeasured/schema.yaml')
/schema:variableMeasured/schema:propertyID	(None, 'https://usgin.github.io/metadataBuildingBlocks/build/annotated/bbr/metadata/schemaorgProperties/variableMeasured/schema.yaml')
/schema:variableMeasured/schema:propertyID/schema:name	(None, 'https://usgin.github.io/metadataBuildingBlocks/build/annotated/bbr/metadata/schemaorgProperties/definedTerm/schema.yaml')
/schema:variableMeasured/schema:propertyID/schema:identifier	(None, 'https://usgin.github.io/metadataBuildingBlocks/build/annotated/bbr/metadata/schemaorgProperties/definedTerm/schema.yaml')
/schema:variableMeasured/schema:propertyID/schema:identifier/schema:propertyID	(None, 'https://usgin.github.io/metadataBuildingBlocks/build/annotated/bbr/metadata/schemaorgProperties/identifier/schema.yaml')
/schema:variableMeasured/schema:propertyID/schema:identifier/schema:value	(None, 'https://usgin.github.io/metadataBuildingBlocks/build/annotated/bbr/metadata/schemaorgProperties/identifier/schema.yaml')
/schema:variableMeasured/schema:propertyID/schema:identifier/schema:url	(None, 'https://usgin.github.io/metadataBuildingBlocks/build/annotated/bbr/metadata/schemaorgProperties/identifier/schema.yaml')
/schema:variableMeasured/schema:propertyID/schema:inDefinedTermSet	(None, 'https://usgin.github.io/metadataBuildingBlocks/build/annotated/bbr/metadata/schemaorgProperties/definedTerm/schema.yaml')
/schema:variableMeasured/schema:propertyID/schema:termCode	(None, 'https://usgin.github.io/metadataBuildingBlocks/build/annotated/bbr/metadata/schemaorgProperties/definedTerm/schema.yaml')
/schema:variableMeasured/schema:measurementTechnique	(None, 'https://usgin.github.io/metadataBuildingBlocks/build/annotated/bbr/metadata/schemaorgProperties/variableMeasured/schema.yaml')
/schema:variableMeasured/schema:unitText	(None, 'https://usgin.github.io/metadataBuildingBlocks/build/annotated/bbr/metadata/schemaorgProperties/variableMeasured/schema.yaml')
/schema:variableMeasured/schema:unitCode	(None, 'https://usgin.github.io/metadataBuildingBlocks/build/annotated/bbr/metadata/schemaorgProperties/variableMeasured/schema.yaml')
/schema:variableMeasured/schema:minValue	(None, 'https://usgin.github.io/metadataBuildingBlocks/build/annotated/bbr/metadata/schemaorgProperties/variableMeasured/schema.yaml')
/schema:variableMeasured/schema:maxValue	(None, 'https://usgin.github.io/metadataBuildingBlocks/build/annotated/bbr/metadata/schemaorgProperties/variableMeasured/schema.yaml')
/schema:variableMeasured/schema:url	(None, 'https://usgin.github.io/metadataBuildingBlocks/build/annotated/bbr/metadata/schemaorgProperties/variableMeasured/schema.yaml')
/schema:spatialCoverage	(None, PosixPath('/github/workspace/build/annotated/bbr/metadata/cdifProperties/cdifOptional/schema.yaml'))
/schema:spatialCoverage/schema:name	(None, 'https://usgin.github.io/metadataBuildingBlocks/build/annotated/bbr/metadata/schemaorgProperties/spatialExtent/schema.yaml')
/schema:spatialCoverage/schema:name/schema:name	(None, 'https://usgin.github.io/metadataBuildingBlocks/build/annotated/bbr/metadata/schemaorgProperties/definedTerm/schema.yaml')
/schema:spatialCoverage/schema:name/schema:identifier	(None, 'https://usgin.github.io/metadataBuildingBlocks/build/annotated/bbr/metadata/schemaorgProperties/definedTerm/schema.yaml')
/schema:spatialCoverage/schema:name/schema:identifier/schema:propertyID	(None, 'https://usgin.github.io/metadataBuildingBlocks/build/annotated/bbr/metadata/schemaorgProperties/identifier/schema.yaml')
/schema:spatialCoverage/schema:name/schema:identifier/schema:value	(None, 'https://usgin.github.io/metadataBuildingBlocks/build/annotated/bbr/metadata/schemaorgProperties/identifier/schema.yaml')
/schema:spatialCoverage/schema:name/schema:identifier/schema:url	(None, 'https://usgin.github.io/metadataBuildingBlocks/build/annotated/bbr/metadata/schemaorgProperties/identifier/schema.yaml')
/schema:spatialCoverage/schema:name/schema:inDefinedTermSet	(None, 'https://usgin.github.io/metadataBuildingBlocks/build/annotated/bbr/metadata/schemaorgProperties/definedTerm/schema.yaml')
/schema:spatialCoverage/schema:name/schema:termCode	(None, 'https://usgin.github.io/metadataBuildingBlocks/build/annotated/bbr/metadata/schemaorgProperties/definedTerm/schema.yaml')
/schema:spatialCoverage/schema:geo	(None, 'https://usgin.github.io/metadataBuildingBlocks/build/annotated/bbr/metadata/schemaorgProperties/spatialExtent/schema.yaml')
/schema:spatialCoverage/schema:geo/schema:latitude	(None, 'https://usgin.github.io/metadataBuildingBlocks/build/annotated/bbr/metadata/schemaorgProperties/spatialExtent/schema.yaml')
/schema:spatialCoverage/schema:geo/schema:longitude	(None, 'https://usgin.github.io/metadataBuildingBlocks/build/annotated/bbr/metadata/schemaorgProperties/spatialExtent/schema.yaml')
/schema:spatialCoverage/schema:geo/schema:box	(None, 'https://usgin.github.io/metadataBuildingBlocks/build/annotated/bbr/metadata/schemaorgProperties/spatialExtent/schema.yaml')
/schema:spatialCoverage/schema:geo/schema:line	(None, 'https://usgin.github.io/metadataBuildingBlocks/build/annotated/bbr/metadata/schemaorgProperties/spatialExtent/schema.yaml')
/schema:spatialCoverage/geosparql:hasGeometry	(None, 'https://usgin.github.io/metadataBuildingBlocks/build/annotated/bbr/metadata/schemaorgProperties/spatialExtent/schema.yaml')
/schema:spatialCoverage/geosparql:hasGeometry/geosparql:asWKT	(None, 'https://usgin.github.io/metadataBuildingBlocks/build/annotated/bbr/metadata/schemaorgProperties/spatialExtent/schema.yaml')
/schema:spatialCoverage/geosparql:hasGeometry/geosparql:crs	(None, 'https://usgin.github.io/metadataBuildingBlocks/build/annotated/bbr/metadata/schemaorgProperties/spatialExtent/schema.yaml')
/schema:temporalCoverage	(None, PosixPath('/github/workspace/build/annotated/bbr/metadata/cdifProperties/cdifOptional/schema.yaml'))
/schema:temporalCoverage/schema:description	(None, 'https://usgin.github.io/metadataBuildingBlocks/build/annotated/bbr/metadata/schemaorgProperties/temporalExtent/schema.yaml')
/schema:temporalCoverage/time:intervalStartedBy	(None, 'https://usgin.github.io/metadataBuildingBlocks/build/annotated/bbr/metadata/schemaorgProperties/temporalExtent/schema.yaml')
/schema:temporalCoverage/time:intervalFinishedBy	(None, 'https://usgin.github.io/metadataBuildingBlocks/build/annotated/bbr/metadata/schemaorgProperties/temporalExtent/schema.yaml')
/schema:temporalCoverage/time:hasBeginning	(None, 'https://usgin.github.io/metadataBuildingBlocks/build/annotated/bbr/metadata/schemaorgProperties/temporalExtent/schema.yaml')
/schema:temporalCoverage/time:hasBeginning/time:inTimePosition	(None, 'https://usgin.github.io/metadataBuildingBlocks/build/annotated/bbr/metadata/schemaorgProperties/temporalExtent/schema.yaml')
/schema:temporalCoverage/time:hasBeginning/time:inTimePosition/time:hasTRS	(None, 'https://usgin.github.io/metadataBuildingBlocks/build/annotated/bbr/metadata/schemaorgProperties/temporalExtent/schema.yaml')
/schema:temporalCoverage/time:hasBeginning/time:inTimePosition/time:numericPosition	(None, 'https://usgin.github.io/metadataBuildingBlocks/build/annotated/bbr/metadata/schemaorgProperties/temporalExtent/schema.yaml')
/schema:temporalCoverage/time:hasEnd	(None, 'https://usgin.github.io/metadataBuildingBlocks/build/annotated/bbr/metadata/schemaorgProperties/temporalExtent/schema.yaml')
/schema:temporalCoverage/time:hasEnd/time:inTimePosition	(None, 'https://usgin.github.io/metadataBuildingBlocks/build/annotated/bbr/metadata/schemaorgProperties/temporalExtent/schema.yaml')
/prov:wasGeneratedBy	(None, PosixPath('/github/workspace/build/annotated/bbr/metadata/cdifProperties/cdifOptional/schema.yaml'))
/prov:wasGeneratedBy/prov:used	(None, 'https://usgin.github.io/metadataBuildingBlocks/build/annotated/bbr/metadata/provProperties/generatedBy/schema.yaml')
/prov:wasDerivedFrom	(None, PosixPath('/github/workspace/build/annotated/bbr/metadata/cdifProperties/cdifOptional/schema.yaml'))
/prov:wasDerivedFrom/prov:wasDerivedFrom	(None, 'https://usgin.github.io/metadataBuildingBlocks/build/annotated/bbr/metadata/provProperties/derivedFrom/schema.yaml')
/prov:wasDerivedFrom/prov:wasDerivedFrom/schema:name	(None, 'https://usgin.github.io/metadataBuildingBlocks/build/annotated/bbr/metadata/schemaorgProperties/labeledLink/schema.yaml')
/prov:wasDerivedFrom/prov:wasDerivedFrom/schema:description	(None, 'https://usgin.github.io/metadataBuildingBlocks/build/annotated/bbr/metadata/schemaorgProperties/labeledLink/schema.yaml')
/prov:wasDerivedFrom/prov:wasDerivedFrom/schema:url	(None, 'https://usgin.github.io/metadataBuildingBlocks/build/annotated/bbr/metadata/schemaorgProperties/labeledLink/schema.yaml')
/dqv:hasQualityMeasurement	(None, PosixPath('/github/workspace/build/annotated/bbr/metadata/cdifProperties/cdifOptional/schema.yaml'))
/dqv:hasQualityMeasurement/dqv:isMeasurementOf	(None, 'https://usgin.github.io/metadataBuildingBlocks/build/annotated/bbr/metadata/qualityProperties/qualityMeasure/schema.yaml')
/dqv:hasQualityMeasurement/dqv:isMeasurementOf/schema:name	(None, 'https://usgin.github.io/metadataBuildingBlocks/build/annotated/bbr/metadata/schemaorgProperties/definedTerm/schema.yaml')
/dqv:hasQualityMeasurement/dqv:isMeasurementOf/schema:identifier	(None, 'https://usgin.github.io/metadataBuildingBlocks/build/annotated/bbr/metadata/schemaorgProperties/definedTerm/schema.yaml')
/dqv:hasQualityMeasurement/dqv:isMeasurementOf/schema:identifier/schema:propertyID	(None, 'https://usgin.github.io/metadataBuildingBlocks/build/annotated/bbr/metadata/schemaorgProperties/identifier/schema.yaml')
/dqv:hasQualityMeasurement/dqv:isMeasurementOf/schema:identifier/schema:value	(None, 'https://usgin.github.io/metadataBuildingBlocks/build/annotated/bbr/metadata/schemaorgProperties/identifier/schema.yaml')
/dqv:hasQualityMeasurement/dqv:isMeasurementOf/schema:identifier/schema:url	(None, 'https://usgin.github.io/metadataBuildingBlocks/build/annotated/bbr/metadata/schemaorgProperties/identifier/schema.yaml')
/dqv:hasQualityMeasurement/dqv:isMeasurementOf/schema:inDefinedTermSet	(None, 'https://usgin.github.io/metadataBuildingBlocks/build/annotated/bbr/metadata/schemaorgProperties/definedTerm/schema.yaml')
/dqv:hasQualityMeasurement/dqv:isMeasurementOf/schema:termCode	(None, 'https://usgin.github.io/metadataBuildingBlocks/build/annotated/bbr/metadata/schemaorgProperties/definedTerm/schema.yaml')
/dqv:hasQualityMeasurement/dqv:value	(None, 'https://usgin.github.io/metadataBuildingBlocks/build/annotated/bbr/metadata/qualityProperties/qualityMeasure/schema.yaml')
/schema:distribution	(None, PosixPath('/github/workspace/build/annotated/bbr/metadata/cdifProperties/cdifOptional/schema.yaml'))
/schema:distribution/schema:name	(None, 'https://usgin.github.io/metadataBuildingBlocks/build/annotated/bbr/metadata/schemaorgProperties/dataDownload/schema.yaml')
/schema:distribution/schema:contentUrl	(None, 'https://usgin.github.io/metadataBuildingBlocks/build/annotated/bbr/metadata/schemaorgProperties/dataDownload/schema.yaml')
/schema:distribution/schema:encodingFormat	(None, 'https://usgin.github.io/metadataBuildingBlocks/build/annotated/bbr/metadata/schemaorgProperties/dataDownload/schema.yaml')
/schema:distribution/spdx:checksum	(None, 'https://usgin.github.io/metadataBuildingBlocks/build/annotated/bbr/metadata/schemaorgProperties/dataDownload/schema.yaml')
/schema:distribution/spdx:checksum/spdx:algorithm	(None, 'https://usgin.github.io/metadataBuildingBlocks/build/annotated/bbr/metadata/schemaorgProperties/dataDownload/schema.yaml')
/schema:distribution/spdx:checksum/spdx:checksumValue	(None, 'https://usgin.github.io/metadataBuildingBlocks/build/annotated/bbr/metadata/schemaorgProperties/dataDownload/schema.yaml')
/schema:distribution/schema:provider	(None, 'https://usgin.github.io/metadataBuildingBlocks/build/annotated/bbr/metadata/schemaorgProperties/dataDownload/schema.yaml')
/schema:distribution/schema:provider/schema:name	(None, 'https://usgin.github.io/metadataBuildingBlocks/build/annotated/bbr/metadata/schemaorgProperties/person/schema.yaml')
/schema:distribution/schema:provider/schema:description	(None, 'https://usgin.github.io/metadataBuildingBlocks/build/annotated/bbr/metadata/schemaorgProperties/person/schema.yaml')
/schema:distribution/schema:provider/schema:identifier	(None, 'https://usgin.github.io/metadataBuildingBlocks/build/annotated/bbr/metadata/schemaorgProperties/person/schema.yaml')
/schema:distribution/schema:provider/schema:identifier/schema:propertyID	(None, 'https://usgin.github.io/metadataBuildingBlocks/build/annotated/bbr/metadata/schemaorgProperties/identifier/schema.yaml')
/schema:distribution/schema:provider/schema:identifier/schema:value	(None, 'https://usgin.github.io/metadataBuildingBlocks/build/annotated/bbr/metadata/schemaorgProperties/identifier/schema.yaml')
/schema:distribution/schema:provider/schema:identifier/schema:url	(None, 'https://usgin.github.io/metadataBuildingBlocks/build/annotated/bbr/metadata/schemaorgProperties/identifier/schema.yaml')
/schema:distribution/schema:provider/schema:alternateName	(None, 'https://usgin.github.io/metadataBuildingBlocks/build/annotated/bbr/metadata/schemaorgProperties/person/schema.yaml')
/schema:distribution/schema:provider/schema:affiliation	(None, 'https://usgin.github.io/metadataBuildingBlocks/build/annotated/bbr/metadata/schemaorgProperties/person/schema.yaml')
/schema:distribution/schema:provider/schema:contactPoint	(None, 'https://usgin.github.io/metadataBuildingBlocks/build/annotated/bbr/metadata/schemaorgProperties/person/schema.yaml')
/schema:distribution/schema:provider/schema:contactPoint/schema:email	(None, 'https://usgin.github.io/metadataBuildingBlocks/build/annotated/bbr/metadata/schemaorgProperties/person/schema.yaml')
/schema:distribution/schema:provider/schema:sameAs	(None, 'https://usgin.github.io/metadataBuildingBlocks/build/annotated/bbr/metadata/schemaorgProperties/person/schema.yaml')
/schema:distribution/schema:provider/schema:additionalType	(None, 'https://usgin.github.io/metadataBuildingBlocks/build/annotated/bbr/metadata/schemaorgProperties/organization/schema.yaml')
/schema:distribution/schema:provider/schema:additionalType/schema:name	(None, 'https://usgin.github.io/metadataBuildingBlocks/build/annotated/bbr/metadata/schemaorgProperties/definedTerm/schema.yaml')
/schema:distribution/schema:provider/schema:additionalType/schema:identifier	(None, 'https://usgin.github.io/metadataBuildingBlocks/build/annotated/bbr/metadata/schemaorgProperties/definedTerm/schema.yaml')
/schema:distribution/schema:provider/schema:additionalType/schema:identifier/schema:propertyID	(None, 'https://usgin.github.io/metadataBuildingBlocks/build/annotated/bbr/metadata/schemaorgProperties/identifier/schema.yaml')
/schema:distribution/schema:provider/schema:additionalType/schema:identifier/schema:value	(None, 'https://usgin.github.io/metadataBuildingBlocks/build/annotated/bbr/metadata/schemaorgProperties/identifier/schema.yaml')
/schema:distribution/schema:provider/schema:additionalType/schema:identifier/schema:url	(None, 'https://usgin.github.io/metadataBuildingBlocks/build/annotated/bbr/metadata/schemaorgProperties/identifier/schema.yaml')
/schema:distribution/schema:provider/schema:additionalType/schema:inDefinedTermSet	(None, 'https://usgin.github.io/metadataBuildingBlocks/build/annotated/bbr/metadata/schemaorgProperties/definedTerm/schema.yaml')
/schema:distribution/schema:provider/schema:additionalType/schema:termCode	(None, 'https://usgin.github.io/metadataBuildingBlocks/build/annotated/bbr/metadata/schemaorgProperties/definedTerm/schema.yaml')
/schema:distribution/schema:serviceType	(None, 'https://usgin.github.io/metadataBuildingBlocks/build/annotated/bbr/metadata/schemaorgProperties/webAPI/schema.yaml')
/schema:distribution/schema:serviceType/schema:name	(None, 'https://usgin.github.io/metadataBuildingBlocks/build/annotated/bbr/metadata/schemaorgProperties/definedTerm/schema.yaml')
/schema:distribution/schema:serviceType/schema:identifier	(None, 'https://usgin.github.io/metadataBuildingBlocks/build/annotated/bbr/metadata/schemaorgProperties/definedTerm/schema.yaml')
/schema:distribution/schema:serviceType/schema:identifier/schema:propertyID	(None, 'https://usgin.github.io/metadataBuildingBlocks/build/annotated/bbr/metadata/schemaorgProperties/identifier/schema.yaml')
/schema:distribution/schema:serviceType/schema:identifier/schema:value	(None, 'https://usgin.github.io/metadataBuildingBlocks/build/annotated/bbr/metadata/schemaorgProperties/identifier/schema.yaml')
/schema:distribution/schema:serviceType/schema:identifier/schema:url	(None, 'https://usgin.github.io/metadataBuildingBlocks/build/annotated/bbr/metadata/schemaorgProperties/identifier/schema.yaml')
/schema:distribution/schema:serviceType/schema:inDefinedTermSet	(None, 'https://usgin.github.io/metadataBuildingBlocks/build/annotated/bbr/metadata/schemaorgProperties/definedTerm/schema.yaml')
/schema:distribution/schema:serviceType/schema:termCode	(None, 'https://usgin.github.io/metadataBuildingBlocks/build/annotated/bbr/metadata/schemaorgProperties/definedTerm/schema.yaml')
/schema:distribution/schema:termsOfService	(None, 'https://usgin.github.io/metadataBuildingBlocks/build/annotated/bbr/metadata/schemaorgProperties/webAPI/schema.yaml')
/schema:distribution/schema:termsOfService/schema:name	(None, 'https://usgin.github.io/metadataBuildingBlocks/build/annotated/bbr/metadata/schemaorgProperties/labeledLink/schema.yaml')
/schema:distribution/schema:termsOfService/schema:description	(None, 'https://usgin.github.io/metadataBuildingBlocks/build/annotated/bbr/metadata/schemaorgProperties/labeledLink/schema.yaml')
/schema:distribution/schema:termsOfService/schema:url	(None, 'https://usgin.github.io/metadataBuildingBlocks/build/annotated/bbr/metadata/schemaorgProperties/labeledLink/schema.yaml')
/schema:distribution/schema:documentation	(None, 'https://usgin.github.io/metadataBuildingBlocks/build/annotated/bbr/metadata/schemaorgProperties/webAPI/schema.yaml')
/schema:distribution/schema:potentialAction	(None, 'https://usgin.github.io/metadataBuildingBlocks/build/annotated/bbr/metadata/schemaorgProperties/webAPI/schema.yaml')
/schema:distribution/schema:potentialAction/schema:name	(None, 'https://usgin.github.io/metadataBuildingBlocks/build/annotated/bbr/metadata/schemaorgProperties/action/schema.yaml')
/schema:distribution/schema:potentialAction/schema:target	(None, 'https://usgin.github.io/metadataBuildingBlocks/build/annotated/bbr/metadata/schemaorgProperties/action/schema.yaml')
/schema:distribution/schema:potentialAction/schema:target/schema:description	(None, 'https://usgin.github.io/metadataBuildingBlocks/build/annotated/bbr/metadata/schemaorgProperties/action/schema.yaml')
/schema:distribution/schema:potentialAction/schema:target/schema:urlTemplate	(None, 'https://usgin.github.io/metadataBuildingBlocks/build/annotated/bbr/metadata/schemaorgProperties/action/schema.yaml')
/schema:distribution/schema:potentialAction/schema:target/schema:httpMethod	(None, 'https://usgin.github.io/metadataBuildingBlocks/build/annotated/bbr/metadata/schemaorgProperties/action/schema.yaml')
/schema:distribution/schema:potentialAction/schema:target/schema:contentType	(None, 'https://usgin.github.io/metadataBuildingBlocks/build/annotated/bbr/metadata/schemaorgProperties/action/schema.yaml')
/schema:distribution/schema:potentialAction/schema:result	(None, 'https://usgin.github.io/metadataBuildingBlocks/build/annotated/bbr/metadata/schemaorgProperties/action/schema.yaml')
/schema:distribution/schema:potentialAction/schema:result/schema:encodingFormat	(None, 'https://usgin.github.io/metadataBuildingBlocks/build/annotated/bbr/metadata/schemaorgProperties/action/schema.yaml')
/schema:distribution/schema:potentialAction/schema:result/schema:description	(None, 'https://usgin.github.io/metadataBuildingBlocks/build/annotated/bbr/metadata/schemaorgProperties/action/schema.yaml')
/schema:distribution/schema:potentialAction/schema:object	(None, 'https://usgin.github.io/metadataBuildingBlocks/build/annotated/bbr/metadata/schemaorgProperties/action/schema.yaml')
/schema:distribution/schema:potentialAction/schema:object/schema:description	(None, 'https://usgin.github.io/metadataBuildingBlocks/build/annotated/bbr/metadata/schemaorgProperties/action/schema.yaml')
/schema:distribution/schema:potentialAction/schema:object/schema:variableMeasured	(None, 'https://usgin.github.io/metadataBuildingBlocks/build/annotated/bbr/metadata/schemaorgProperties/action/schema.yaml')
/schema:distribution/schema:potentialAction/schema:object/schema:variableMeasured/schema:name	(None, 'https://usgin.github.io/metadataBuildingBlocks/build/annotated/bbr/metadata/schemaorgProperties/variableMeasured/schema.yaml')
/schema:distribution/schema:potentialAction/schema:object/schema:variableMeasured/schema:description	(None, 'https://usgin.github.io/metadataBuildingBlocks/build/annotated/bbr/metadata/schemaorgProperties/variableMeasured/schema.yaml')
/schema:distribution/schema:potentialAction/schema:object/schema:variableMeasured/schema:alternateName	(None, 'https://usgin.github.io/metadataBuildingBlocks/build/annotated/bbr/metadata/schemaorgProperties/variableMeasured/schema.yaml')
/schema:distribution/schema:potentialAction/schema:object/schema:variableMeasured/schema:propertyID	(None, 'https://usgin.github.io/metadataBuildingBlocks/build/annotated/bbr/metadata/schemaorgProperties/variableMeasured/schema.yaml')
/schema:distribution/schema:potentialAction/schema:object/schema:variableMeasured/schema:measurementTechnique	(None, 'https://usgin.github.io/metadataBuildingBlocks/build/annotated/bbr/metadata/schemaorgProperties/variableMeasured/schema.yaml')
/schema:distribution/schema:potentialAction/schema:object/schema:variableMeasured/schema:unitText	(None, 'https://usgin.github.io/metadataBuildingBlocks/build/annotated/bbr/metadata/schemaorgProperties/variableMeasured/schema.yaml')
/schema:distribution/schema:potentialAction/schema:object/schema:variableMeasured/schema:unitCode	(None, 'https://usgin.github.io/metadataBuildingBlocks/build/annotated/bbr/metadata/schemaorgProperties/variableMeasured/schema.yaml')
/schema:distribution/schema:potentialAction/schema:object/schema:variableMeasured/schema:minValue	(None, 'https://usgin.github.io/metadataBuildingBlocks/build/annotated/bbr/metadata/schemaorgProperties/variableMeasured/schema.yaml')
/schema:distribution/schema:potentialAction/schema:object/schema:variableMeasured/schema:maxValue	(None, 'https://usgin.github.io/metadataBuildingBlocks/build/annotated/bbr/metadata/schemaorgProperties/variableMeasured/schema.yaml')
/schema:distribution/schema:potentialAction/schema:object/schema:variableMeasured/schema:url	(None, 'https://usgin.github.io/metadataBuildingBlocks/build/annotated/bbr/metadata/schemaorgProperties/variableMeasured/schema.yaml')
/schema:distribution/schema:potentialAction/schema:query-input	(None, 'https://usgin.github.io/metadataBuildingBlocks/build/annotated/bbr/metadata/schemaorgProperties/action/schema.yaml')
/schema:distribution/schema:potentialAction/schema:query-input/schema:valueName	(None, 'https://usgin.github.io/metadataBuildingBlocks/build/annotated/bbr/metadata/schemaorgProperties/action/schema.yaml')
/schema:distribution/schema:potentialAction/schema:query-input/schema:description	(None, 'https://usgin.github.io/metadataBuildingBlocks/build/annotated/bbr/metadata/schemaorgProperties/action/schema.yaml')
/schema:distribution/schema:potentialAction/schema:query-input/schema:valueRequired	(None, 'https://usgin.github.io/metadataBuildingBlocks/build/annotated/bbr/metadata/schemaorgProperties/action/schema.yaml')
/schema:distribution/schema:potentialAction/schema:query-input/schema:valuePattern	(None, 'https://usgin.github.io/metadataBuildingBlocks/build/annotated/bbr/metadata/schemaorgProperties/action/schema.yaml')
